# Names of Developers with write access to this module
#
# There are two types of developers:
# 1) Administrators - entitled to edit all files in the module ,
#    in particular the .admin directory.  (Including this file) 
# 2) Regular Developers - entitled to edit all files in the module
#    except those in the .admin directory.
#
# You must use the full name of the developer as recorded on this system.
# see :
# http://cmsdoc.cern.ch/cmsoo/projects/swdevtools/developer_list.html 
# for a full list of names. If the developer you require is not on this
# list then email the cvs administrator (cvsadmin@cmscvs.cern.ch)
#
# Important
# ---------
# --- Put names of regular developers after the >Developers Tag
# --- Put names of administrators after the >Administrators Tag
#
# Mailists
# --------
# The bug reporting system can automatically send mail to all the developers
# and administrators. Add the email address after the name (seperated by a :)
# of developers to include in the list.
#
>Developers
gerstein : Yuri Gerchtein : gerstein@hep.fsu.edu
cjessop : Colin Jessop : Colin.Jessop@cern.ch
askew : Andrew Askew : askew@fnal.gov
tkolberg : Ted Kolberg : tkolberg@cern
bcox : Brad Cox : cox@uvahep.phys.virginia.edu
marenton : Michael Arenton : Michael.Arenton@cern.ch
pivarski : James Pivarski :   mccann@lepp.cornell.edu
duboscq : Jean Etienne Duboscq : jduboscq@ohstpy.mps.ohio-state.edu
tsirig : Dimitrios Tsirigkas: Dimitrios.Tsirigkas@cern.ch
mabalazs : Michael Balazs : Michael.Balazs@cern.ch
uberthon : Ursula Berthon : berthon@in2p3.fr
charlot : Claude Charlot : charlot@poly.in2p3.fr
dbanduri : Dmitri Bandourine : bandurin@fnal.gov
klapoet : Kevin.Klapoetke Klapoetke : Kevin.Humphrey.Klapoetke@cern.ch
kkaadze : Ketino Kaadze : keti@fnal.gov
chamont: David Chamont : chamont@llr.in2p3.fr

>Administrators
argiro : Stefano Argiro : Stefano.Argiro@cern.ch
meridian : Paolo Meridiani : Paolo.Meridiani@cern.ch
ferriff :  Federico Ferri : Federico.Ferri@cern.ch
rahatlou : Shahram Rahatlou : Shahram.Rahatlou@cern.ch
futyand : David Futyan : David.Futyan@cern.ch
nancy : Nancy Marinelli : Nancy.Marinelli@cern.ch
dlevans : Dave L Evans : D.Evans@cern.ch
ymaravin : Yurii Maravin : Yurii.Maravin@cern.ch
sani: Matteo Sani: Matteo.Sani@cern.ch
